시군구,읍면동,가구수,수급권자수
강남구,강남구,1,1
강남구,개포1동,60,74
강남구,개포2동,42,65
강남구,개포4동,112,182
강남구,논현1동,102,172
강남구,논현2동,105,187
강남구,대치1동,8,10
강남구,대치2동,46,68
강남구,대치4동,137,258
강남구,도곡1동,35,50
강남구,도곡2동,22,35
강남구,삼성1동,22,41
강남구,삼성2동,83,129
강남구,세곡동,537,993
강남구,수서동,380,485
강남구,신사동,40,67
강남구,압구정동,37,50
강남구,역삼1동,161,240
강남구,역삼2동,89,127
강남구,일원1동,301,491
강남구,일원2동,230,293
강남구,일원본동,54,91
강남구,청담동,51,100
강동구,강동구,1,1
강동구,강일동,702,1205
강동구,고덕1동,118,196
강동구,고덕2동,163,244
강동구,길동,457,756
강동구,둔촌1동,2,2
강동구,둔촌2동,197,294
강동구,명일1동,122,184
강동구,명일2동,67,108
강동구,상일동,3,4
강동구,상일제1동,138,204
강동구,상일제2동,221,379
강동구,성내1동,107,190
강동구,성내2동,286,404
강동구,성내3동,246,374
강동구,암사1동,572,927
강동구,암사2동,73,116
강동구,암사3동,59,85
강동구,천호1동,496,750
강동구,천호2동,508,819
강동구,천호3동,364,520
강북구,강북구,1,3
강북구,미아동,416,628
강북구,번1동,351,557
강북구,번2동,529,815
강북구,번3동,687,1035
강북구,번제1동,0,2
강북구,번제2동,4,3
강북구,번제3동,3,8
강북구,삼각산동,320,478
강북구,삼양동,493,847
강북구,송중동,498,809
강북구,송천동,451,727
강북구,수유1동,475,792
강북구,수유2동,483,767
강북구,수유3동,383,633
강북구,수유제1동,3,3
강북구,수유제2동,2,2
강북구,우이동,398,672
강북구,인수동,674,1128
강서구,가양1동,134,212
강서구,가양2동,491,643
강서구,가양3동,427,633
강서구,공항동,572,1048
강서구,등촌1동,96,143
강서구,등촌2동,153,266
강서구,등촌3동,729,1098
강서구,발산1동,477,882
강서구,방화1동,413,710
강서구,방화2동,334,527
강서구,방화3동,367,549
강서구,염창동,104,162
강서구,우장산동,215,351
강서구,화곡1동,532,847
강서구,화곡2동,321,604
강서구,화곡3동,167,285
강서구,화곡4동,336,557
강서구,화곡6동,265,413
강서구,화곡8동,387,696
강서구,화곡본동,576,1054
관악구,낙성대동,101,157
관악구,난곡동,482,831
관악구,난향동,184,298
관악구,남현동,84,126
관악구,대학동,192,271
관악구,미성동,430,719
관악구,보라매동,270,477
관악구,삼성동,390,548
관악구,서림동,222,377
관악구,서원동,209,344
관악구,성현동,345,510
관악구,신림동,112,175
관악구,신사동,267,429
관악구,신원동,227,323
관악구,은천동,386,615
관악구,인헌동,196,317
관악구,조원동,150,219
관악구,중앙동,136,196
관악구,청룡동,193,297
관악구,청림동,127,185
관악구,행운동,225,332
광진구,광장동,105,162
광진구,구의1동,236,389
광진구,구의2동,344,577
광진구,구의3동,176,273
광진구,군자동,225,354
광진구,능동,109,157
광진구,자양1동,354,600
광진구,자양2동,255,414
광진구,자양3동,132,210
광진구,자양제4동,231,345
광진구,중곡1동,314,469
광진구,중곡2동,342,567
광진구,중곡3동,403,691
광진구,중곡4동,448,748
광진구,화양동,113,182
구로구,가리봉동,92,134
구로구,개봉1동,464,788
구로구,개봉2동,244,389
구로구,개봉3동,260,412
구로구,고척1동,227,359
구로구,고척2동,375,616
구로구,구로1동,43,63
구로구,구로2동,319,446
구로구,구로3동,185,273
구로구,구로4동,295,434
구로구,구로5동,163,230
구로구,구로구,1,1
구로구,수궁동,437,652
구로구,신도림동,79,114
구로구,오류1동,312,487
구로구,오류2동,639,1022
구로구,항동,183,330
금천구,가산동,157,234
금천구,독산1동,415,645
금천구,독산2동,416,657
금천구,독산3동,294,470
금천구,독산4동,286,455
금천구,시흥1동,559,875
금천구,시흥2동,381,592
금천구,시흥3동,165,251
금천구,시흥4동,442,712
금천구,시흥5동,511,842
노원구,공릉1동,516,816
노원구,공릉2동,249,410
노원구,상계10동,172,314
노원구,상계11동,31,27
노원구,상계12동,43,43
노원구,상계13동,12,13
노원구,상계14동,0,124
노원구,상계15동,163,96
노원구,상계16동,109,129
노원구,상계17동,0,2
노원구,상계18동,2,2
노원구,상계19동,0,2
노원구,상계1동,604,989
노원구,상계20동,2,2
노원구,상계21동,0,12
노원구,상계22동,87,179
노원구,상계23동,39,44
노원구,상계2동,270,420
노원구,상계3.4동,765,1197
노원구,상계5동,0,133
노원구,상계6.7동,334,539
노원구,상계6동,143,209
노원구,상계7동,1,2
노원구,상계8동,160,288
노원구,상계9동,208,333
노원구,월계1동,238,353
노원구,월계2동,584,863
노원구,월계3동,417,624
노원구,중계1동,263,416
노원구,"중계2,3동",876,1324
노원구,중계4동,357,517
노원구,중계본동,278,448
노원구,하계1동,550,810
노원구,하계2동,344,489
도봉구,도봉1동,538,834
도봉구,도봉2동,333,498
도봉구,방학1동,568,897
도봉구,방학2동,817,1449
도봉구,방학3동,279,429
도봉구,쌍문1동,490,855
도봉구,쌍문2동,461,765
도봉구,쌍문3동,320,519
도봉구,쌍문4동,192,326
도봉구,창1동,193,308
도봉구,창2동,521,896
도봉구,창3동,389,662
도봉구,창4동,157,239
도봉구,창5동,200,337
동대문구,답십리1동,250,384
동대문구,답십리2동,309,471
동대문구,용신동,299,469
동대문구,이문1동,215,334
동대문구,이문2동,298,446
동대문구,장안1동,466,789
동대문구,장안2동,406,714
동대문구,전농1동,486,702
동대문구,전농2동,213,330
동대문구,제기동,365,537
동대문구,청량리동,361,529
동대문구,회기동,113,170
동대문구,휘경1동,96,135
동대문구,휘경2동,212,364
동작구,노량진1동,273,390
동작구,노량진2동,192,286
동작구,대방동,336,513
동작구,사당1동,182,274
동작구,사당2동,149,234
동작구,사당3동,152,225
동작구,사당4동,123,182
동작구,사당5동,90,138
동작구,상도1동,335,485
동작구,상도2동,172,251
동작구,상도3동,293,460
동작구,상도4동,370,617
동작구,신대방1동,144,214
동작구,신대방2동,128,207
동작구,흑석동,245,365
마포구,공덕동,348,533
마포구,대흥동,108,157
마포구,도화동,148,207
마포구,망원1동,213,347
마포구,망원2동,206,316
마포구,상암동,379,658
마포구,서강동,102,158
마포구,서교동,144,194
마포구,성산1동,179,281
마포구,성산2동,537,816
마포구,신수동,141,211
마포구,아현동,163,259
마포구,연남동,108,146
마포구,염리동,128,193
마포구,용강동,139,221
마포구,합정동,155,250
서대문구,남가좌1동,78,113
서대문구,남가좌2동,354,567
서대문구,북가좌1동,166,275
서대문구,북가좌2동,513,854
서대문구,북아현동,144,207
서대문구,신촌동,108,168
서대문구,연희동,243,373
서대문구,천연동,168,241
서대문구,충현동,183,283
서대문구,홍은1동,260,389
서대문구,홍은2동,398,655
서대문구,홍제1동,283,462
서대문구,홍제2동,166,247
서대문구,홍제3동,237,365
서초구,내곡동,197,326
서초구,반포1동,88,134
서초구,반포2동,5,9
서초구,반포3동,26,32
서초구,반포4동,39,66
서초구,반포본동,12,22
서초구,방배1동,78,112
서초구,방배2동,148,242
서초구,방배3동,71,102
서초구,방배4동,84,144
서초구,방배본동,105,171
서초구,서초1동,83,122
서초구,서초2동,42,76
서초구,서초3동,105,164
서초구,서초4동,35,43
서초구,양재1동,609,1032
서초구,양재2동,201,331
서초구,잠원동,79,119
성동구,금호1가동,182,252
성동구,금호2-3가동,219,366
성동구,금호4가동,102,140
성동구,마장동,240,402
성동구,사근동,98,131
성동구,성동구,1,1
성동구,성수1가1동,129,207
성동구,성수1가2동,87,116
성동구,성수2가1동,204,317
성동구,성수2가3동,71,97
성동구,송정동,207,320
성동구,옥수동,138,197
성동구,왕십리2동,156,243
성동구,왕십리도선동,220,339
성동구,용답동,254,356
성동구,응봉동,97,158
성동구,행당1동,108,162
성동구,행당2동,272,377
성북구,길음1동,188,301
성북구,길음제2동,114,163
성북구,돈암1동,148,216
성북구,돈암2동,78,117
성북구,동선동,140,209
성북구,보문동,172,267
성북구,삼선동,275,415
성북구,석관동,450,723
성북구,성북동,159,261
성북구,안암동,156,228
성북구,월곡1동,274,420
성북구,월곡2동,232,332
성북구,장위1동,545,975
성북구,장위2동,269,445
성북구,장위3동,154,255
성북구,정릉1동,121,191
성북구,정릉2동,280,458
성북구,정릉3동,328,488
성북구,정릉4동,295,459
성북구,종암동,381,606
송파구,가락1동,43,64
송파구,가락2동,158,267
송파구,가락본동,143,236
송파구,거여1동,173,278
송파구,거여2동,229,356
송파구,마천1동,414,702
송파구,마천2동,343,610
송파구,문정1동,96,163
송파구,문정2동,29,46
송파구,방이1동,94,168
송파구,방이2동,202,336
송파구,삼전동,276,507
송파구,석촌동,211,355
송파구,송파1동,143,238
송파구,송파2동,65,114
송파구,오금동,440,800
송파구,오륜동,7,7
송파구,위례동,292,562
송파구,잠실2동,22,33
송파구,잠실3동,22,31
송파구,잠실4동,28,35
송파구,잠실6동,25,43
송파구,잠실7동,8,12
송파구,잠실본동,204,353
송파구,장지동,378,656
송파구,풍납1동,108,156
송파구,풍납2동,123,177
양천구,목1동,108,165
양천구,목2동,335,566
양천구,목3동,308,497
양천구,목4동,333,573
양천구,목5동,25,37
양천구,신월1동,500,807
양천구,신월2동,320,518
양천구,신월3동,463,756
양천구,신월4동,156,251
양천구,신월5동,247,422
양천구,신월6동,74,135
양천구,신월7동,500,766
양천구,신정1동,105,149
양천구,신정2동,239,344
양천구,신정3동,705,1142
양천구,신정4동,473,783
양천구,신정6동,35,63
양천구,신정7동,434,588
영등포구,당산1동,135,208
영등포구,당산2동,98,140
영등포구,대림1동,172,244
영등포구,대림2동,147,220
영등포구,대림3동,224,367
영등포구,도림동,192,305
영등포구,문래동,86,113
영등포구,신길1동,232,349
영등포구,신길3동,212,340
영등포구,신길4동,168,249
영등포구,신길5동,170,264
영등포구,신길6동,147,227
영등포구,신길7동,85,128
영등포구,양평1동,96,149
영등포구,양평2동,85,114
영등포구,여의동,44,72
영등포구,영등포동,143,187
영등포구,영등포본동,160,245
용산구,남영동,50,67
용산구,보광동,225,361
용산구,서빙고동,58,93
용산구,용문동,101,136
용산구,용산2가동,168,256
용산구,원효로1동,59,90
용산구,원효로2동,79,135
용산구,이촌1동,34,56
용산구,이촌2동,37,59
용산구,이태원1동,40,64
용산구,이태원2동,69,108
용산구,청파동,218,351
용산구,한강로동,68,90
용산구,한남동,99,140
용산구,효창동,43,72
용산구,후암동,174,268
은평구,갈현1동,432,668
은평구,갈현2동,432,761
은평구,구산동,458,796
은평구,녹번동,364,548
은평구,대조동,393,618
은평구,불광1동,437,663
은평구,불광2동,563,894
은평구,수색동,106,150
은평구,신사1동,305,508
은평구,신사2동,324,523
은평구,역촌동,706,1144
은평구,응암1동,328,569
은평구,응암2동,258,429
은평구,응암3동,494,777
은평구,증산동,187,293
은평구,진관동,453,726
종로구,가회동,40,57
종로구,교남동,106,185
종로구,무악동,70,104
종로구,부암동,71,121
종로구,사직동,48,61
종로구,삼청동,18,27
종로구,숭인1동,70,112
종로구,숭인2동,128,183
종로구,이화동,132,197
종로구,종로1.2.3.4가동,86,99
종로구,종로5.6가동,104,157
종로구,창신1동,73,103
종로구,창신2동,149,233
종로구,창신3동,82,128
종로구,청운효자동,99,167
종로구,평창동,97,144
종로구,혜화동,169,253
중구,광희동,39,56
중구,다산동,172,274
중구,동화동,59,102
중구,명동,20,32
중구,소공동,5,7
중구,신당5동,157,235
중구,신당동,108,155
중구,약수동,344,474
중구,을지로동,26,34
중구,장충동,43,73
중구,중림동,117,183
중구,청구동,179,259
중구,필동,27,33
중구,황학동,113,170
중구,회현동,36,51
중랑구,망우3동,434,731
중랑구,망우본동,556,902
중랑구,면목2동,454,776
중랑구,면목4동,403,610
중랑구,면목5동,217,380
중랑구,면목7동,272,439
중랑구,면목본동,679,1079
중랑구,면목제3.8동,505,802
중랑구,묵1동,389,643
중랑구,묵2동,278,463
중랑구,상봉1동,377,640
중랑구,상봉2동,244,392
중랑구,신내1동,667,1114
중랑구,신내2동,289,437
중랑구,중화1동,300,527
중랑구,중화2동,588,930
