자치구,폭염위험도점수,위험등급,쉼터수,문화행사수,평균기온,최고기온,평균체감온도,최고체감온도,수급권자수,방문자수,폭염특보_서울발표건수,수급권자_천명당_쉼터수,1만명당_쉼터수,쉼터_상태,쉼터_부족_순위,수급권자_천명당_쉼터수_정규화,쉼터_부족도,기온_위험도,체감온도_위험도,기온_위험도_정규화,체감온도_위험도_정규화,폭염특보_위험도,인구수,수급권자수_정규화,취약지역_분석지표,취약지역_순위
강북구,60.65,높음,96,94,27.03,37.6,31.3,37.1,9906,1588445,7,9.691096305269532,3.3578174186778593,쉼터 부족,7순위,0.0,1.0,0.0,1.3000000000000007,0,0,75,285900,0.7743993619778686,0.6323198085933606,1
강서구,60.1,높음,189,38,27.03,37.6,31.3,37.1,11680,1486544,7,16.18150684931507,3.3970199687258478,쉼터 부족,8순위,0.1537182216034215,0.8462817783965785,0.0,1.3000000000000007,0,0,75,556370,0.9512511215232778,0.6238880478156148,2
노원구,57.69,보통,312,138,27.03,37.6,31.3,37.1,12169,1500160,7,25.638918563563152,6.380328955037085,쉼터 양호,,0.3777065964249975,0.6222934035750025,0.0,1.3000000000000007,0,0,75,489003,1.0,0.548917361430001,4
도봉구,57.51,보통,167,51,27.03,37.6,31.3,37.1,9014,2358390,7,18.526736188151766,5.5106236244064535,쉼터 양호,,0.20926239415948275,0.7907376058405172,0.0,1.3000000000000007,0,0,75,303051,0.6854750274150134,0.5219375505607109,6
중랑구,56.55,보통,159,55,27.03,37.6,31.3,37.1,10865,820226,7,14.634146341463415,4.143171324042902,쉼터 부족,12순위,0.11707069309468335,0.8829293069053167,0.0,1.3000000000000007,0,0,75,383764,0.8700029907287409,0.6141726199807489,3
양천구,56.09,보통,197,59,27.03,37.6,31.3,37.1,8562,2717348,7,23.00864284045784,4.597035961888938,쉼터 양호,,0.31541141436546866,0.6845885856345313,0.0,1.3000000000000007,0,0,75,428537,0.6404147143854052,0.46595984856943407,8
마포구,54.9,보통,85,227,27.03,37.6,31.3,37.1,4947,3071852,7,17.18213058419244,2.3012529645552897,쉼터 부족,2순위,0.1774168921229059,0.8225831078770941,0.0,1.3000000000000007,0,0,75,369364,0.2800319011065696,0.4130428134828085,12
은평구,51.31,보통,202,195,27.03,37.6,31.3,37.1,10067,223979,7,20.065560743021752,4.395260081899797,쉼터 부족,14순위,0.24570775802807557,0.7542922419719245,0.0,1.3000000000000007,0,0,75,459586,0.7904496062207158,0.5388517786549845,5
강남구,51.25,보통,89,116,27.03,37.6,31.3,37.1,4208,3274011,7,21.15019011406844,1.582199719826207,쉼터 부족,1순위,0.2713960094699037,0.7286039905300963,0.0,1.3000000000000007,0,0,75,562508,0.2063602831223208,0.3533496811487348,15
광진구,50.81,보통,115,147,27.03,37.6,31.3,37.1,6138,1918843,7,18.735744542196155,3.294024639304302,쉼터 부족,6순위,0.2142125267074827,0.7857874732925173,0.0,1.3000000000000007,0,0,75,349117,0.39876383212042665,0.43394413895313494,11
중구,50.62,보통,70,395,27.03,37.6,31.3,37.1,2138,4708419,7,32.74087932647334,5.449845847217464,쉼터 양호,,0.5459087110621657,0.45409128893783435,0.0,1.3000000000000007,0,0,75,128444,0.0,0.18163651557513374,20
관악구,50.42,보통,141,68,27.03,37.6,31.3,37.1,7746,1206656,7,18.202943454686288,2.8347919443657004,쉼터 부족,3순위,0.20159372007197274,0.7984062799280273,0.0,1.3000000000000007,0,0,75,497391,0.5590668926328382,0.48708257976106234,7
금천구,49.91,보통,95,66,27.03,37.6,31.3,37.1,5733,1855122,7,16.57073085644514,3.9989560619964473,쉼터 부족,10순위,0.16293656330543946,0.8370634366945605,0.0,1.3000000000000007,0,0,75,237562,0.3583889941182335,0.4423420729132943,10
강동구,48.56,보통,232,43,27.03,37.6,31.3,37.1,7761,2126806,7,29.89305501868316,4.603202003186527,쉼터 양호,,0.4784611305028565,0.5215388694971435,0.0,1.3000000000000007,0,0,75,503997,0.5605622570032898,0.3767842248998443,13
송파구,46.67,보통,208,177,27.03,37.6,31.3,37.1,7305,1410286,7,28.473648186173854,3.2011869016050567,쉼터 부족,5순위,0.4448440437955683,0.5551559562044317,0.0,1.3000000000000007,0,0,75,649759,0.5151031801415612,0.37659333652424104,14
구로구,45.4,보통,265,151,27.03,37.6,31.3,37.1,6749,2639867,7,39.26507630760113,6.491311440875176,쉼터 양호,,0.7004271271967889,0.2995728728032111,0.0,1.3000000000000007,0,0,75,408238,0.45967500747682183,0.25773165136433096,18
동대문구,42.88,낮음,111,63,27.03,37.6,31.3,37.1,6374,0,7,17.414496391590838,3.0251578669094057,쉼터 부족,4순위,0.182920220214762,0.817079779785238,0.0,1.3000000000000007,0,0,75,366923,0.42229089821553184,0.4535191813787548,9
동작구,42.05,낮음,168,45,27.03,37.6,31.3,37.1,4841,2497341,7,34.70357364180954,4.371800843653472,쉼터 부족,13순위,0.5923929631225249,0.4076070368774751,0.0,1.3000000000000007,0,0,75,384281,0.26946465955537835,0.24388221261760357,19
서대문구,36.99,낮음,140,83,27.03,37.6,31.3,37.1,5199,177831,7,26.92825543373726,4.418745581254419,쉼터 부족,15순위,0.40824311940546043,0.5917568805945396,0.0,1.3000000000000007,0,0,75,316832,0.3051540225301565,0.3282489589968628,16
성북구,35.95,낮음,277,58,27.03,37.6,31.3,37.1,7529,0,7,36.791074511887366,6.331486459304771,쉼터 양호,,0.6418331209008873,0.3581668790991127,0.0,1.3000000000000007,0,0,75,437496,0.5374339547403051,0.3044969380617366,17
종로구,34.51,낮음,116,1000,27.03,37.6,31.3,37.1,2331,1242426,7,49.764049764049766,7.79501790838166,쉼터 양호,,0.9490837441295079,0.05091625587049209,0.0,1.3000000000000007,0,0,75,148813,0.01924035489981059,0.026138608818140015,25
서초구,33.89,낮음,149,268,27.03,37.6,31.3,37.1,3247,2024359,7,45.88851247305205,3.5535839921773453,쉼터 부족,9순위,0.8572959140551134,0.1427040859448866,0.0,1.3000000000000007,0,0,75,419295,0.1105572724553883,0.09024881611457113,22
성동구,26.75,낮음,217,146,27.03,37.6,31.3,37.1,4180,876994,7,51.91387559808613,7.675601491259719,쉼터 양호,,1.0,0.0,0.0,1.3000000000000007,0,0,75,282714,0.20356893629747783,0.06107068088924335,24
용산구,26.61,낮음,87,125,27.03,37.6,31.3,37.1,2346,102899,7,37.084398976982094,4.0468127860678,쉼터 부족,11순위,0.6487801876266589,0.3512198123733411,0.0,1.3000000000000007,0,0,75,214984,0.020735719270262187,0.14670864073041512,21
영등포구,22.94,낮음,200,90,27.03,37.6,31.3,37.1,3921,137199,7,51.0073960724305,5.060114156175364,쉼터 양호,,0.9785310313333673,0.021468968666632726,0.0,1.3000000000000007,0,0,75,395248,0.1777489781676802,0.06191228091695715,23
