발표시간,지역,발효시각,해당지역,특보종류,상태
2025-06-15 09:00:00,서울·인천·경기도,(1) 폭염주의보 발표 : 2025년 06월 15일 09시 00분,(1) 폭염주의보 발표 : 경기도(포천. 가평. 파주. 안성. 여주. 양평),폭염주의보,발표
2025-06-15 17:30:00,서울·인천·경기도,(1) 폭염주의보 해제 : 2025년 06월 15일 17시 30분,(1) 폭염주의보 해제 : 경기도(포천. 가평. 파주. 안성. 여주. 양평),폭염주의보,해제
2025-06-29 10:00:00,서울·인천·경기도,(1) 폭염주의보 발표 : 2025년 06월 29일 10시 00분,(1) 폭염주의보 발표 : 경기도(용인. 이천. 안성. 여주. 양평),폭염주의보,발표
2025-06-30 10:00:00,서울·인천·경기도,(1) 폭염주의보 발표 : 2025년 06월 30일 10시 00분 / (2) 폭염경보 변경 : 2025년 06월 30일 10시 00분,(1) 폭염주의보 발표 : 경기도(가평. 남양주. 오산. 평택. 하남. 광주) / (2) 폭염경보 변경 : 경기도(이천. 안성. 여주. 양평),폭염경보,발표
2025-06-30 12:00:00,서울·인천·경기도,(1) 폭염주의보 발표 : 2025년 06월 30일 12시 00분 / (2) 폭염경보 변경 : 2025년 06월 30일 12시 00분,(1) 폭염주의보 발표 : 경기도(과천. 성남. 구리. 화성). 서울 / (2) 폭염경보 변경 : 경기도(가평. 광주),폭염경보,발표
2025-07-01 12:00:00,서울·인천·경기도,(1) 폭염주의보 발표 : 2025년 07월 01일 12시 00분,(1) 폭염주의보 발표 : 경기도(광명. 안산. 고양. 양주. 의정부. 파주. 의왕),폭염주의보,발표
2025-07-02 10:00:00,서울·인천·경기도,(1) 폭염주의보 발표 : 2025년 07월 02일 10시 00분 / (2) 폭염경보 변경 : 2025년 07월 02일 10시 00분,(1) 폭염주의보 발표 : 경기도(시흥. 부천. 동두천. 연천. 포천. 수원. 안양. 군포). 인천(강화군.옹진군 제외) / (2) 폭염경보 변경 : 경기도(하남. 용인),폭염경보,발표
2025-07-07 10:00:00,서울·인천·경기도,(1) 폭염주의보 발표 : 2025년 07월 07일 10시 00분 / (2) 폭염경보 변경 : 2025년 07월 07일 10시 00분,(1) 폭염주의보 발표 : 경기도(김포). 인천(강화) / (2) 폭염경보 변경 : 경기도(광명. 과천. 안산. 시흥. 동두천. 연천. 포천. 고양. 양주. 의정부. 파주. 수원. 성남. 안양. 구리. 남양주. 오산. 평택. 군포. 의왕. 화성). 서울,폭염경보,발표
2025-07-08 10:00:00,서울·인천·경기도,(1) 폭염경보 변경 : 2025년 07월 08일 10시 00분,(1) 폭염경보 변경 : 경기도(부천. 김포). 인천(옹진군 제외),폭염경보,변경
2025-07-09 10:00:00,서울·인천·경기도,(1) 폭염주의보 발표 : 2025년 07월 09일 10시 00분,(1) 폭염주의보 발표 : 서해5도. 인천(옹진),폭염주의보,발표
2025-07-10 16:30:00,서울·인천·경기도,(1) 폭염주의보 해제 : 2025년 07월 10일 16시 30분 / (2) 폭염주의보 변경 : 2025년 07월 10일 16시 30분,(1) 폭염주의보 해제 : 서해5도 / (2) 폭염주의보 변경 : 경기도(포천). 인천(강화),폭염주의보,해제
2025-07-13 10:00:00,서울·인천·경기도,(1) 폭염주의보 해제 : 2025년 07월 13일 10시 00분 / (2) 폭염주의보 변경 : 2025년 07월 13일 10시 00분,(1) 폭염주의보 해제 : 경기도(안산. 수원. 오산. 평택. 화성). 인천(옹진) / (2) 폭염주의보 변경 : 경기도(안산. 포천. 수원. 오산. 평택. 화성 제외). 서울. 인천(강화군.옹진군 제외),폭염주의보,해제
2025-07-13 14:00:00,서울·인천·경기도,(1) 폭염주의보 해제 : 2025년 07월 13일 14시 00분,(1) 폭염주의보 해제 : 경기도(안산. 수원. 오산. 평택. 화성 제외). 서울. 인천(옹진군 제외),폭염주의보,해제
2025-07-20 16:20:00,서울·인천·경기도,(1) 폭염주의보 발표 : 2025년 07월 20일 16시 20분,(1) 폭염주의보 발표 : 경기도(평택. 이천. 안성. 여주),폭염주의보,발표
2025-07-21 10:00:00,서울·인천·경기도,(1) 폭염주의보 발표 : 2025년 07월 21일 10시 00분,(1) 폭염주의보 발표 : 경기도(과천. 수원. 성남. 안양. 용인. 양평). 서울(서울서남권),폭염주의보,발표
2025-07-21 16:20:00,서울·인천·경기도,(1) 폭염주의보 발표 : 2025년 07월 21일 16시 20분 / (2) 폭염경보 변경 : 2025년 07월 21일 16시 20분,(1) 폭염주의보 발표 : 경기도(광명. 안산. 시흥. 연천. 가평. 고양. 양주. 의정부. 파주. 구리. 남양주. 오산. 군포. 하남. 화성. 광주). 서울(서울서남권 제외). 인천(강화군.옹진군 제외) / (2) 폭염경보 변경 : 경기도(안성),폭염경보,발표
2025-07-22 10:00:00,서울·인천·경기도,(1) 폭염주의보 발표 : 2025년 07월 22일 10시 00분 / (2) 폭염경보 변경 : 2025년 07월 22일 10시 00분,(1) 폭염주의보 발표 : 경기도(부천. 김포. 동두천. 포천. 의왕). 인천(강화) / (2) 폭염경보 변경 : 경기도(여주),폭염경보,발표
2025-07-22 16:20:00,서울·인천·경기도,(1) 폭염경보 변경 : 2025년 07월 22일 16시 20분,(1) 폭염경보 변경 : 경기도(남양주. 하남),폭염경보,변경
2025-07-23 10:00:00,서울·인천·경기도,(1) 폭염경보 변경 : 2025년 07월 23일 10시 00분,(1) 폭염경보 변경 : 경기도(용인. 이천. 양평),폭염경보,변경
2025-07-24 10:00:00,서울·인천·경기도,(1) 폭염경보 변경 : 2025년 07월 24일 10시 00분,(1) 폭염경보 변경 : 경기도(광명. 과천. 안산. 시흥. 부천. 가평. 고양. 양주. 파주. 수원. 성남. 안양. 구리. 오산. 평택. 군포. 의왕. 화성. 광주). 서울,폭염경보,변경
2025-07-24 16:20:00,서울·인천·경기도,(1) 폭염주의보 발표 : 2025년 07월 24일 16시 20분 / (2) 폭염경보 변경 : 2025년 07월 24일 16시 20분,(1) 폭염주의보 발표 : 서해5도. 인천(옹진) / (2) 폭염경보 변경 : 인천(강화),폭염경보,발표
2025-07-25 10:00:00,서울·인천·경기도,(1) 폭염경보 변경 : 2025년 07월 25일 10시 00분,(1) 폭염경보 변경 : 경기도(김포. 동두천. 연천. 포천. 의정부). 인천(강화군.옹진군 제외),폭염경보,변경
2025-08-03 07:00:00,서울·인천·경기도,(1) 폭염주의보 해제 : 2025년 08월 03일 07시 00분,(1) 폭염주의보 해제 : 서해5도,폭염주의보,해제
2025-08-03 16:30:00,서울·인천·경기도,(1) 폭염경보 해제 : 2025년 08월 03일 16시 30분 / (2) 폭염주의보 해제 : 2025년 08월 03일 16시 30분 / (3) 폭염주의보 변경 : 2025년 08월 03일 16시 30분,(1) 폭염경보 해제 : 경기도(광명. 과천. 안산. 시흥. 부천. 김포. 수원. 성남. 안양. 구리. 오산. 평택. 군포. 의왕. 하남. 용인. 이천. 안성. 화성. 여주. 광주). 서울. 인천(옹진군 제외) / (2) 폭염주의보 해제 : 인천(옹진) / (3) 폭염주의보 변경 : 경기도(동두천. 연천. 포천. 가평. 고양. 양주. 의정부. 파주. 남양주. 양평),폭염경보,해제
2025-08-04 10:00:00,서울·인천·경기도,(1) 폭염주의보 발표 : 2025년 08월 04일 11시 00분,(1) 폭염주의보 발표 : 경기도(광명. 과천. 시흥. 부천. 김포. 성남. 안양. 구리. 군포. 의왕. 하남. 여주. 광주). 서울. 인천(옹진군 제외),폭염주의보,발표
2025-08-04 16:20:00,서울·인천·경기도,(1) 폭염주의보 발표 : 2025년 08월 04일 16시 20분 / (2) 폭염경보 변경 : 2025년 08월 04일 16시 20분,(1) 폭염주의보 발표 : 경기도(안산. 오산. 평택. 용인. 이천. 안성) / (2) 폭염경보 변경 : 경기도(연천. 파주). 인천(강화),폭염경보,발표
2025-08-06 04:00:00,서울·인천·경기도,(1) 폭염경보 해제 : 2025년 08월 06일 04시 00분 / (2) 폭염주의보 해제 : 2025년 08월 06일 04시 00분,(1) 폭염경보 해제 : 경기도(연천. 파주). 인천(강화) / (2) 폭염주의보 해제 : 경기도(연천. 파주. 수원. 화성 제외). 서울. 인천(강화군.옹진군 제외),폭염경보,해제
2025-08-11 16:00:00,서울·인천·경기도,(1) 폭염주의보 발표 : 2025년 08월 11일 17시 00분,(1) 폭염주의보 발표 : 경기도(파주),폭염주의보,발표
2025-08-13 05:30:00,서울·인천·경기도,(1) 호우주의보 발표 : 2025년 08월 13일 05시 30분 / (2) 호우주의보 변경 : 2025년 08월 13일 05시 30분 / (3) 폭염주의보 해제 : 2025년 08월 13일 05시 30분,(1) 호우주의보 발표 : 경기도(김포. 고양. 파주) / (2) 호우주의보 변경 : 경기도(평택. 용인. 안성) / (3) 폭염주의보 해제 : 경기도(파주),폭염주의보,발표
2025-08-15 10:00:00,서울·인천·경기도,(1) 폭염주의보 발표 : 2025년 08월 15일 11시 00분,(1) 폭염주의보 발표 : 경기도(광명. 과천. 시흥. 김포. 가평. 고양. 양주. 의정부. 파주. 수원. 성남. 안양. 구리. 남양주. 오산. 평택. 하남. 용인. 이천. 안성. 화성. 여주. 광주. 양평). 서울,폭염주의보,발표
2025-08-15 16:30:00,서울·인천·경기도,(1) 폭염주의보 발표 : 2025년 08월 15일 16시 30분,(1) 폭염주의보 발표 : 경기도(연천),폭염주의보,발표
2025-08-16 10:00:00,서울·인천·경기도,(1) 폭염주의보 발표 : 2025년 08월 16일 11시 00분,(1) 폭염주의보 발표 : 경기도(안산. 포천). 인천(강화),폭염주의보,발표
2025-08-17 10:00:00,서울·인천·경기도,(1) 폭염주의보 발표 : 2025년 08월 17일 11시 00분,(1) 폭염주의보 발표 : 경기도(군포. 의왕). 인천(강화군.옹진군 제외),폭염주의보,발표
2025-08-18 16:00:00,서울·인천·경기도,(1) 폭염주의보 발표 : 2025년 08월 18일 16시 00분,(1) 폭염주의보 발표 : 경기도(부천. 동두천),폭염주의보,발표
2025-08-19 10:00:00,서울·인천·경기도,(1) 폭염경보 변경 : 2025년 08월 19일 11시 00분,(1) 폭염경보 변경 : 경기도(가평. 여주),폭염경보,변경
2025-08-19 17:40:00,서울·인천·경기도,(1) 폭염경보 변경 : 2025년 08월 19일 17시 40분,(1) 폭염경보 변경 : 경기도(오산),폭염경보,변경
2025-08-20 10:00:00,서울·인천·경기도,(1) 폭염경보 변경 : 2025년 08월 20일 11시 00분,(1) 폭염경보 변경 : 경기도(김포. 양주. 파주. 남양주. 하남. 안성. 양평),폭염경보,변경
2025-08-21 10:00:00,서울·인천·경기도,(1) 폭염경보 변경 : 2025년 08월 21일 11시 00분,(1) 폭염경보 변경 : 경기도(용인),폭염경보,변경
2025-08-22 10:00:00,서울·인천·경기도,(1) 폭염경보 변경 : 2025년 08월 22일 11시 00분,(1) 폭염경보 변경 : 경기도(연천. 포천. 고양. 평택. 광주). 서울(서울동북권. 서울서남권). 인천(강화),폭염경보,변경
2025-08-22 11:50:00,서울·인천·경기도,(1) 폭염주의보 발표 : 2025년 08월 22일 11시 50분,(1) 폭염주의보 발표 : 인천(옹진),폭염주의보,발표
2025-08-24 10:30:00,서울·인천·경기도,(1) 폭염주의보 발표 : 2025년 08월 24일 11시 00분,(1) 폭염주의보 발표 : 서해5도,폭염주의보,발표
2025-08-25 10:00:00,서울·인천·경기도,(1) 폭염경보 변경 : 2025년 08월 25일 11시 00분,(1) 폭염경보 변경 : 경기도(이천),폭염경보,변경
2025-08-25 11:40:00,서울·인천·경기도,(1) 폭염경보 변경 : 2025년 08월 25일 11시 40분,(1) 폭염경보 변경 : 경기도(과천. 안산. 구리. 군포. 의왕. 화성). 서울(서울동남권),폭염경보,변경
2025-08-25 16:30:00,서울·인천·경기도,(1) 폭염경보 해제 : 2025년 08월 25일 16시 30분 / (2) 폭염주의보 해제 : 2025년 08월 25일 16시 30분,(1) 폭염경보 해제 : 경기도(과천. 안산. 김포. 연천. 포천. 가평. 고양. 양주. 파주. 구리. 남양주. 오산. 평택. 군포. 의왕. 하남. 용인. 이천. 안성. 화성. 여주. 광주. 양평). 서울(서울서북권 제외). 인천(강화) / (2) 폭염주의보 해제 : 경기도(광명. 시흥. 부천. 동두천. 의정부. 수원. 성남. 안양). 서해5도. 서울(서울서북권). 인천(강화군 제외),폭염경보,해제
2025-08-27 10:00:00,서울·인천·경기도,(1) 폭염주의보 발표 : 2025년 08월 27일 11시 00분,(1) 폭염주의보 발표 : 경기도(김포. 동두천. 연천. 포천. 가평. 고양. 양주. 의정부. 파주. 성남. 구리. 남양주. 평택. 군포. 하남. 용인. 이천. 안성. 여주. 광주. 양평). 서울,폭염주의보,발표
2025-08-28 10:00:00,서울·인천·경기도,(1) 폭염주의보 발표 : 2025년 08월 28일 11시 00분,(1) 폭염주의보 발표 : 인천(강화),폭염주의보,발표
2025-08-29 10:00:00,서울·인천·경기도,(1) 폭염주의보 발표 : 2025년 08월 29일 11시 00분,(1) 폭염주의보 발표 : 경기도(안산. 시흥. 오산. 화성). 인천(강화군.옹진군 제외),폭염주의보,발표
2025-08-29 16:00:00,서울·인천·경기도,(1) 폭염주의보 발표 : 2025년 08월 29일 16시 00분,(1) 폭염주의보 발표 : 경기도(광명. 과천. 부천. 수원. 안양. 의왕). 서해5도. 인천(옹진),폭염주의보,발표
2025-08-30 16:00:00,서울·인천·경기도,(1) 폭염경보 변경 : 2025년 08월 30일 16시 00분,(1) 폭염경보 변경 : 경기도(오산. 용인. 안성. 여주),폭염경보,변경
2025-08-31 16:00:00,서울·인천·경기도,(1) 폭염경보 해제 : 2025년 08월 31일 18시 00분 / (2) 폭염주의보 해제 : 2025년 08월 31일 18시 00분,(1) 폭염경보 해제 : 경기도(오산. 용인. 안성. 여주) / (2) 폭염주의보 해제 : 경기도(오산. 용인. 안성. 여주 제외). 서해5도. 서울. 인천,폭염경보,해제
